name,slug,province_id
اسکو,اسکو,1
اهر,اهر,1
ایلخچی,ایلخچی,1
آبش احمد,آبش-احمد,1
آذرشهر,آذرشهر,1
آقکند,آقکند,1
باسمنج,باسمنج,1
بخشایش,بخشایش,1
بستان آباد,بستان-آباد,1
بناب,بناب,1
بناب جدید,بناب-جدید,1
تبریز,تبریز,1
ترک,ترک,1
ترکمانچای,ترکمانچای,1
تسوج,تسوج,1
تیکمه داش,تیکمه-داش,1
جلفا,جلفا,1
خاروانا,خاروانا,1
خامنه,خامنه,1
خراجو,خراجو,1
خسروشهر,خسروشهر,1
خضرلو,خضرلو,1
خمارلو,خمارلو,1
خواجه,خواجه,1
دوزدوزان,دوزدوزان,1
زرنق,زرنق,1
زنوز,زنوز,1
سراب,سراب,1
سردرود,سردرود,1
سهند,سهند,1
سیس,سیس,1
سیه رود,سیه-رود,1
شبستر,شبستر,1
شربیان,شربیان,1
شرفخانه,شرفخانه,1
شندآباد,شندآباد,1
صوفیان,صوفیان,1
عجب شیر,عجب-شیر,1
قره آغاج,قره-آغاج,1
کشکسرای,کشکسرای,1
کلوانق,کلوانق,1
کلیبر,کلیبر,1
کوزه کنان,کوزه-کنان,1
گوگان,گوگان,1
لیلان,لیلان,1
مراغه,مراغه,1
مرند,مرند,1
ملکان,ملکان,1
ملک کیان,ملک-کیان,1
ممقان,ممقان,1
مهربان,مهربان,1
میانه,میانه,1
نظرکهریزی,نظرکهریزی,1
هادی شهر,هادی-شهر,1
هرگلان,هرگلان,1
هریس,هریس,1
هشترود,هشترود,1
هوراند,هوراند,1
وایقان,وایقان,1
ورزقان,ورزقان,1
یامچی,یامچی,1
ارومیه,ارومیه,2
اشنویه,اشنویه,2
ایواوغلی,ایواوغلی,2
آواجیق,آواجیق,2
باروق,باروق,2
بازرگان,بازرگان,2
بوکان,بوکان,2
پلدشت,پلدشت,2
پیرانشهر,پیرانشهر,2
تازه شهر,تازه-شهر,2
تکاب,تکاب,2
چهاربرج,چهاربرج,2
خوی,خوی,2
دیزج دیز,دیزج-دیز,2
ربط,ربط,2
سردشت,آذربایجان-غربی-سردشت,2
سرو,سرو,2
سلماس,سلماس,2
سیلوانه,سیلوانه,2
سیمینه,سیمینه,2
سیه چشمه,سیه-چشمه,2
شاهین دژ,شاهین-دژ,2
شوط,شوط,2
فیرورق,فیرورق,2
قره ضیاءالدین,قره-ضیاءالدین,2
قطور,قطور,2
قوشچی,قوشچی,2
کشاورز,کشاورز,2
گردکشانه,گردکشانه,2
ماکو,ماکو,2
محمدیار,محمدیار,2
محمودآباد,آذربایجان-غربی-محمودآباد,2
مهاباد,آذربایجان-غربی-مهاباد,2
میاندوآب,میاندوآب,2
میرآباد,میرآباد,2
نالوس,نالوس,2
نقده,نقده,2
نوشین,نوشین,2
اردبیل,اردبیل,3
اصلاندوز,اصلاندوز,3
آبی بیگلو,آبی-بیگلو,3
بیله سوار,بیله-سوار,3
پارس آباد,پارس-آباد,3
تازه کند,تازه-کند,3
تازه کندانگوت,تازه-کندانگوت,3
جعفرآباد,جعفرآباد,3
خلخال,خلخال,3
رضی,رضی,3
سرعین,سرعین,3
عنبران,عنبران,3
فخرآباد,فخرآباد,3
کلور,کلور,3
کوراییم,کوراییم,3
گرمی,گرمی,3
گیوی,گیوی,3
لاهرود,لاهرود,3
مشگین شهر,مشگین-شهر,3
نمین,نمین,3
نیر,اردبیل-نیر,3
هشتجین,هشتجین,3
هیر,هیر,3
ابریشم,ابریشم,4
ابوزیدآباد,ابوزیدآباد,4
اردستان,اردستان,4
اژیه,اژیه,4
اصفهان,اصفهان,4
افوس,افوس,4
انارک,انارک,4
ایمانشهر,ایمانشهر,4
آران وبیدگل,آران-وبیدگل,4
بادرود,بادرود,4
باغ بهادران,باغ-بهادران,4
بافران,بافران,4
برزک,برزک,4
برف انبار,برف-انبار,4
بهاران شهر,بهاران-شهر,4
بهارستان,بهارستان,4
بوئین و میاندشت,بوئین-میاندشت,4
پیربکران,پیربکران,4
تودشک,تودشک,4
تیران,تیران,4
جندق,جندق,4
جوزدان,جوزدان,4
جوشقان و کامو,جوشقان-کامو,4
چادگان,چادگان,4
چرمهین,چرمهین,4
چمگردان,چمگردان,4
حبیب آباد,حبیب-آباد,4
حسن آباد,اصفهان-حسن-آباد,4
حنا,حنا,4
خالدآباد,خالدآباد,4
خمینی شهر,خمینی-شهر,4
خوانسار,خوانسار,4
خور,اصفهان-خور,4
خورزوق,خورزوق,4
داران,داران,4
دامنه,دامنه,4
درچه,درچه,4
دستگرد,دستگرد,4
دهاقان,دهاقان,4
دهق,دهق,4
دولت آباد,اصفهان-دولت-آباد,4
دیزیچه,دیزیچه,4
رزوه,رزوه,4
رضوانشهر,اصفهان-رضوانشهر,4
زاینده رود,زاینده-رود,4
زرین شهر,زرین-شهر,4
زواره,زواره,4
زیباشهر,زیباشهر,4
سده لنجان,سده-لنجان,4
سفیدشهر,سفیدشهر,4
سگزی,سگزی,4
سمیرم,سمیرم,4
شاهین شهر,شاهین-شهر,4
شهرضا,شهرضا,4
طالخونچه,طالخونچه,4
عسگران,عسگران,4
علویجه,علویجه,4
فرخی,فرخی,4
فریدونشهر,فریدونشهر,4
فلاورجان,فلاورجان,4
فولادشهر,فولادشهر,4
قمصر,قمصر,4
قهجاورستان,قهجاورستان,4
قهدریجان,قهدریجان,4
کاشان,کاشان,4
کرکوند,کرکوند,4
کلیشاد و سودرجان,کلیشاد-سودرجان,4
کمشچه,کمشچه,4
کمه,کمه,4
کهریزسنگ,کهریزسنگ,4
کوشک,کوشک,4
کوهپایه,کوهپایه,4
گرگاب,گرگاب,4
گزبرخوار,گزبرخوار,4
گلپایگان,گلپایگان,4
گلدشت,گلدشت,4
گلشهر,گلشهر,4
گوگد,گوگد,4
لای بید,لای-بید,4
مبارکه,مبارکه,4
مجلسی,مجلسی,4
محمدآباد,اصفهان-محمدآباد,4
مشکات,مشکات,4
منظریه,منظریه,4
مهاباد,اصفهان-مهاباد,4
میمه,اصفهان-میمه,4
نائین,نائین,4
نجف آباد,نجف-آباد,4
نصرآباد,اصفهان-نصرآباد,4
نطنز,نطنز,4
نوش آباد,نوش-آباد,4
نیاسر,نیاسر,4
نیک آباد,نیک-آباد,4
هرند,هرند,4
ورزنه,ورزنه,4
ورنامخواست,ورنامخواست,4
وزوان,وزوان,4
ونک,ونک,4
اسارا,اسارا,5
اشتهارد,اشتهارد,5
تنکمان,تنکمان,5
چهارباغ,چهارباغ,5
سعید آباد,سعید-آباد,5
شهر جدید هشتگرد,شهر-جدید-هشتگرد,5
طالقان,طالقان,5
کرج,کرج,5
کمال شهر,کمال-شهر,5
کوهسار,کوهسار,5
گرمدره,گرمدره,5
ماهدشت,ماهدشت,5
محمدشهر,البرز-محمدشهر,5
مشکین دشت,مشکین-دشت,5
نظرآباد,نظرآباد,5
هشتگرد,هشتگرد,5
ارکواز,ارکواز,6
ایلام,ایلام,6
ایوان,ایوان,6
آبدانان,آبدانان,6
آسمان آباد,آسمان-آباد,6
بدره,بدره,6
پهله,پهله,6
توحید,توحید,6
چوار,چوار,6
دره شهر,دره-شهر,6
دلگشا,دلگشا,6
دهلران,دهلران,6
زرنه,زرنه,6
سراب باغ,سراب-باغ,6
سرابله,سرابله,6
صالح آباد,ایلام-صالح-آباد,6
لومار,لومار,6
مهران,مهران,6
مورموری,مورموری,6
موسیان,موسیان,6
میمه,ایلام-میمه,6
امام حسن,امام-حسن,7
انارستان,انارستان,7
اهرم,اهرم,7
آب پخش,آب-پخش,7
آبدان,آبدان,7
برازجان,برازجان,7
بردخون,بردخون,7
بندردیر,بندردیر,7
بندردیلم,بندردیلم,7
بندرریگ,بندرریگ,7
بندرکنگان,بندرکنگان,7
بندرگناوه,بندرگناوه,7
بنک,بنک,7
بوشهر,بوشهر,7
تنگ ارم,تنگ-ارم,7
جم,جم,7
چغادک,چغادک,7
خارک,خارک,7
خورموج,خورموج,7
دالکی,دالکی,7
دلوار,دلوار,7
ریز,ریز,7
سعدآباد,سعدآباد,7
سیراف,سیراف,7
شبانکاره,شبانکاره,7
شنبه,شنبه,7
عسلویه,عسلویه,7
کاکی,کاکی,7
کلمه,کلمه,7
نخل تقی,نخل-تقی,7
وحدتیه,وحدتیه,7
ارجمند,ارجمند,8
اسلامشهر,اسلامشهر,8
اندیشه,اندیشه,8
آبسرد,آبسرد,8
آبعلی,آبعلی,8
باغستان,باغستان,8
باقرشهر,باقرشهر,8
بومهن,بومهن,8
پاکدشت,پاکدشت,8
پردیس,پردیس,8
پیشوا,پیشوا,8
تهران,تهران,8
جوادآباد,جوادآباد,8
چهاردانگه,چهاردانگه,8
حسن آباد,تهران-حسن-آباد,8
دماوند,دماوند,8
دیزین,دیزین,8
شهر ری,شهر-ری,8
رباط کریم,رباط-کریم,8
رودهن,رودهن,8
شاهدشهر,شاهدشهر,8
شریف آباد,شریف-آباد,8
شمشک,شمشک,8
شهریار,شهریار,8
صالح آباد,تهران-صالح-آباد,8
صباشهر,صباشهر,8
صفادشت,صفادشت,8
فردوسیه,فردوسیه,8
فشم,فشم,8
فیروزکوه,فیروزکوه,8
قدس,قدس,8
قرچک,قرچک,8
کهریزک,کهریزک,8
کیلان,کیلان,8
گلستان,شهر-گلستان,8
لواسان,لواسان,8
ملارد,ملارد,8
میگون,میگون,8
نسیم شهر,نسیم-شهر,8
نصیرآباد,نصیرآباد,8
وحیدیه,وحیدیه,8
ورامین,ورامین,8
اردل,اردل,9
آلونی,آلونی,9
باباحیدر,باباحیدر,9
بروجن,بروجن,9
بلداجی,بلداجی,9
بن,بن,9
جونقان,جونقان,9
چلگرد,چلگرد,9
سامان,سامان,9
سفیددشت,سفیددشت,9
سودجان,سودجان,9
سورشجان,سورشجان,9
شلمزار,شلمزار,9
شهرکرد,شهرکرد,9
طاقانک,طاقانک,9
فارسان,فارسان,9
فرادنبه,فرادبنه,9
فرخ شهر,فرخ-شهر,9
کیان,کیان,9
گندمان,گندمان,9
گهرو,گهرو,9
لردگان,لردگان,9
مال خلیفه,مال-خلیفه,9
ناغان,ناغان,9
نافچ,نافچ,9
نقنه,نقنه,9
هفشجان,هفشجان,9
ارسک,ارسک,10
اسدیه,اسدیه,10
اسفدن,اسفدن,10
اسلامیه,اسلامیه,10
آرین شهر,آرین-شهر,10
آیسک,آیسک,10
بشرویه,بشرویه,10
بیرجند,بیرجند,10
حاجی آباد,خراسان-جنوبی-حاجی-آباد,10
خضری دشت بیاض,خضری-دشت-بیاض,10
خوسف,خوسف,10
زهان,زهان,10
سرایان,سرایان,10
سربیشه,سربیشه,10
سه قلعه,سه-قلعه,10
شوسف,شوسف,10
طبس ,خراسان-جنوبی-طبس-,10
فردوس,فردوس,10
قاین,قاین,10
قهستان,قهستان,10
محمدشهر,خراسان-جنوبی-محمدشهر,10
مود,مود,10
نهبندان,نهبندان,10
نیمبلوک,نیمبلوک,10
احمدآباد صولت,احمدآباد-صولت,11
انابد,انابد,11
باجگیران,باجگیران,11
باخرز,باخرز,11
بار,بار,11
بایگ,بایگ,11
بجستان,بجستان,11
بردسکن,بردسکن,11
بیدخت,بیدخت,11
تایباد,تایباد,11
تربت جام,تربت-جام,11
تربت حیدریه,تربت-حیدریه,11
جغتای,جغتای,11
جنگل,جنگل,11
چاپشلو,چاپشلو,11
چکنه,چکنه,11
چناران,چناران,11
خرو,خرو,11
خلیل آباد,خلیل-آباد,11
خواف,خواف,11
داورزن,داورزن,11
درگز,درگز,11
در رود,در-رود,11
دولت آباد,خراسان-رضوی-دولت-آباد,11
رباط سنگ,رباط-سنگ,11
رشتخوار,رشتخوار,11
رضویه,رضویه,11
روداب,روداب,11
ریوش,ریوش,11
سبزوار,سبزوار,11
سرخس,سرخس,11
سفیدسنگ,سفیدسنگ,11
سلامی,سلامی,11
سلطان آباد,سلطان-آباد,11
سنگان,سنگان,11
شادمهر,شادمهر,11
شاندیز,شاندیز,11
ششتمد,ششتمد,11
شهرآباد,شهرآباد,11
شهرزو,شهرزو,11
صالح آباد,خراسان-رضوی-صالح-آباد,11
طرقبه,طرقبه,11
عشق آباد,خراسان-رضوی-عشق-آباد,11
فرهادگرد,فرهادگرد,11
فریمان,فریمان,11
فیروزه,فیروزه,11
فیض آباد,فیض-آباد,11
قاسم آباد,قاسم-آباد,11
قدمگاه,قدمگاه,11
قلندرآباد,قلندرآباد,11
قوچان,قوچان,11
کاخک,کاخک,11
کاریز,کاریز,11
کاشمر,کاشمر,11
کدکن,کدکن,11
کلات,کلات,11
کندر,کندر,11
گلمکان,گلمکان,11
گناباد,گناباد,11
لطف آباد,لطف-آباد,11
مزدآوند,مزدآوند,11
مشهد,مشهد,11
ملک آباد,ملک-آباد,11
نشتیفان,نشتیفان,11
نصرآباد,خراسان-رضوی-نصرآباد,11
نقاب,نقاب,11
نوخندان,نوخندان,11
نیشابور,نیشابور,11
نیل شهر,نیل-شهر,11
همت آباد,همت-آباد,11
یونسی,یونسی,11
اسفراین,اسفراین,12
ایور,ایور,12
آشخانه,آشخانه,12
بجنورد,بجنورد,12
پیش قلعه,پیش-قلعه,12
تیتکانلو,تیتکانلو,12
جاجرم,جاجرم,12
حصارگرمخان,حصارگرمخان,12
درق,درق,12
راز,راز,12
سنخواست,سنخواست,12
شوقان,شوقان,12
شیروان,شیروان,12
صفی آباد,خراسان-شمالی-صفی-آباد,12
فاروج,فاروج,12
قاضی,قاضی,12
گرمه,گرمه,12
لوجلی,لوجلی,12
اروندکنار,اروندکنار,13
الوان,الوان,13
امیدیه,امیدیه,13
اندیمشک,اندیمشک,13
اهواز,اهواز,13
ایذه,ایذه,13
آبادان,آبادان,13
آغاجاری,آغاجاری,13
باغ ملک,باغ-ملک,13
بستان,بستان,13
بندرامام خمینی,بندرامام-خمینی,13
بندرماهشهر,بندرماهشهر,13
بهبهان,بهبهان,13
ترکالکی,ترکالکی,13
جایزان,جایزان,13
چمران,چمران,13
چویبده,چویبده,13
حر,حر,13
حسینیه,حسینیه,13
حمزه,حمزه,13
حمیدیه,حمیدیه,13
خرمشهر,خرمشهر,13
دارخوین,دارخوین,13
دزآب,دزآب,13
دزفول,دزفول,13
دهدز,دهدز,13
رامشیر,رامشیر,13
رامهرمز,رامهرمز,13
رفیع,رفیع,13
زهره,زهره,13
سالند,سالند,13
سردشت,خوزستان-سردشت,13
سوسنگرد,سوسنگرد,13
شادگان,شادگان,13
شاوور,شاوور,13
شرافت,شرافت,13
شوش,شوش,13
شوشتر,شوشتر,13
شیبان,شیبان,13
صالح شهر,صالح-شهر,13
صفی آباد,خوزستان-صفی-آباد,13
صیدون,صیدون,13
قلعه تل,قلعه-تل,13
قلعه خواجه,قلعه-خواجه,13
گتوند,گتوند,13
لالی,لالی,13
مسجدسلیمان,مسجدسلیمان,13
ملاثانی,ملاثانی,13
میانرود,میانرود,13
مینوشهر,مینوشهر,13
هفتگل,هفتگل,13
هندیجان,هندیجان,13
هویزه,هویزه,13
ویس,ویس,13
ابهر,ابهر,14
ارمغان خانه,ارمغان-خانه,14
آب بر,آب-بر,14
چورزق,چورزق,14
حلب,حلب,14
خرمدره,خرمدره,14
دندی,دندی,14
زرین آباد,زرین-آباد,14
زرین رود,زرین-رود,14
زنجان,زنجان,14
سجاس,سجاس,14
سلطانیه,سلطانیه,14
سهرورد,سهرورد,14
صائین قلعه,صائین-قلعه,14
قیدار,قیدار,14
گرماب,گرماب,14
ماه نشان,ماه-نشان,14
هیدج,هیدج,14
امیریه,امیریه,15
ایوانکی,ایوانکی,15
آرادان,آرادان,15
بسطام,بسطام,15
بیارجمند,بیارجمند,15
دامغان,دامغان,15
درجزین,درجزین,15
دیباج,دیباج,15
سرخه,سرخه,15
سمنان,سمنان,15
شاهرود,شاهرود,15
شهمیرزاد,شهمیرزاد,15
کلاته خیج,کلاته-خیج,15
گرمسار,گرمسار,15
مجن,مجن,15
مهدی شهر,مهدی-شهر,15
میامی,میامی,15
ادیمی,ادیمی,16
اسپکه,اسپکه,16
ایرانشهر,ایرانشهر,16
بزمان,بزمان,16
بمپور,بمپور,16
بنت,بنت,16
بنجار,بنجار,16
پیشین,پیشین,16
جالق,جالق,16
چابهار,چابهار,16
خاش,خاش,16
دوست محمد,دوست-محمد,16
راسک,راسک,16
زابل,زابل,16
زابلی,زابلی,16
زاهدان,زاهدان,16
زهک,زهک,16
سراوان,سراوان,16
سرباز,سرباز,16
سوران,سوران,16
سیرکان,سیرکان,16
علی اکبر,علی-اکبر,16
فنوج,فنوج,16
قصرقند,قصرقند,16
کنارک,کنارک,16
گشت,گشت,16
گلمورتی,گلمورتی,16
محمدان,محمدان,16
محمدآباد,سیستان-و-بلوچستان-محمدآباد,16
محمدی,محمدی,16
میرجاوه,میرجاوه,16
نصرت آباد,نصرت-آباد,16
نگور,نگور,16
نوک آباد,نوک-آباد,16
نیک شهر,نیک-شهر,16
هیدوچ,هیدوچ,16
اردکان,فارس-اردکان,17
ارسنجان,ارسنجان,17
استهبان,استهبان,17
اشکنان,اشکنان,17
افزر,افزر,17
اقلید,اقلید,17
امام شهر,امام-شهر,17
اهل,اهل,17
اوز,اوز,17
ایج,ایج,17
ایزدخواست,ایزدخواست,17
آباده,آباده,17
آباده طشک,آباده-طشک,17
باب انار,باب-انار,17
بالاده,فارس-بالاده,17
بنارویه,بنارویه,17
بهمن,بهمن,17
بوانات,بوانات,17
بیرم,بیرم,17
بیضا,بیضا,17
جنت شهر,جنت-شهر,17
جهرم,جهرم,17
جویم,جویم,17
زرین دشت,زرین-دشت,17
حسن آباد,فارس-حسن-آباد,17
خان زنیان,خان-زنیان,17
خاوران,خاوران,17
خرامه,خرامه,17
خشت,خشت,17
خنج,خنج,17
خور,فارس-خور,17
داراب,داراب,17
داریان,داریان,17
دبیران,دبیران,17
دژکرد,دژکرد,17
دهرم,دهرم,17
دوبرجی,دوبرجی,17
رامجرد,رامجرد,17
رونیز,رونیز,17
زاهدشهر,زاهدشهر,17
زرقان,زرقان,17
سده,سده,17
سروستان,سروستان,17
سعادت شهر,سعادت-شهر,17
سورمق,سورمق,17
سیدان,سیدان,17
ششده,ششده,17
شهرپیر,شهرپیر,17
شهرصدرا,شهرصدرا,17
شیراز,شیراز,17
صغاد,صغاد,17
صفاشهر,صفاشهر,17
علامرودشت,علامرودشت,17
فدامی,فدامی,17
فراشبند,فراشبند,17
فسا,فسا,17
فیروزآباد,فارس-فیروزآباد,17
قائمیه,قائمیه,17
قادرآباد,قادرآباد,17
قطب آباد,قطب-آباد,17
قطرویه,قطرویه,17
قیر,قیر,17
کارزین (فتح آباد),کارزین-فتح-آباد,17
کازرون,کازرون,17
کامفیروز,کامفیروز,17
کره ای,کره-ای,17
کنارتخته,کنارتخته,17
کوار,کوار,17
گراش,گراش,17
گله دار,گله-دار,17
لار,لار,17
لامرد,لامرد,17
لپویی,لپویی,17
لطیفی,لطیفی,17
مبارک آباددیز,مبارک-آباددیز,17
مرودشت,مرودشت,17
مشکان,مشکان,17
مصیری,مصیری,17
مهر,مهر,17
میمند,میمند,17
نوبندگان,نوبندگان,17
نوجین,نوجین,17
نودان,نودان,17
نورآباد,فارس-نورآباد,17
نی ریز,نی-ریز,17
وراوی,وراوی,17
ارداق,ارداق,18
اسفرورین,اسفرورین,18
اقبالیه,اقبالیه,18
الوند,الوند,18
آبگرم,آبگرم,18
آبیک,آبیک,18
آوج,آوج,18
بوئین زهرا,بوئین-زهرا,18
بیدستان,بیدستان,18
تاکستان,تاکستان,18
خاکعلی,خاکعلی,18
خرمدشت,خرمدشت,18
دانسفهان,دانسفهان,18
رازمیان,رازمیان,18
سگزآباد,سگزآباد,18
سیردان,سیردان,18
شال,شال,18
شریفیه,شریفیه,18
ضیاآباد,ضیاآباد,18
قزوین,قزوین,18
کوهین,کوهین,18
محمدیه,محمدیه,18
محمودآباد نمونه,محمودآباد-نمونه,18
معلم کلایه,معلم-کلایه,18
نرجه,نرجه,18
جعفریه,جعفریه,19
دستجرد,دستجرد,19
سلفچگان,سلفچگان,19
قم,قم,19
قنوات,قنوات,19
کهک,کهک,19
آرمرده,آرمرده,20
بابارشانی,بابارشانی,20
بانه,بانه,20
بلبان آباد,بلبان-آباد,20
بوئین سفلی,بوئین-سفلی,20
بیجار,بیجار,20
چناره,چناره,20
دزج,دزج,20
دلبران,دلبران,20
دهگلان,دهگلان,20
دیواندره,دیواندره,20
زرینه,زرینه,20
سروآباد,سروآباد,20
سریش آباد,سریش-آباد,20
سقز,سقز,20
سنندج,سنندج,20
شویشه,شویشه,20
صاحب,صاحب,20
قروه,قروه,20
کامیاران,کامیاران,20
کانی دینار,کانی-دینار,20
کانی سور,کانی-سور,20
مریوان,مریوان,20
موچش,موچش,20
یاسوکند,یاسوکند,20
اختیارآباد,اختیارآباد,21
ارزوئیه,ارزوئیه,21
امین شهر,امین-شهر,21
انار,انار,21
اندوهجرد,اندوهجرد,21
باغین,باغین,21
بافت,بافت,21
بردسیر,بردسیر,21
بروات,بروات,21
بزنجان,بزنجان,21
بم,بم,21
بهرمان,بهرمان,21
پاریز,پاریز,21
جبالبارز,جبالبارز,21
جوپار,جوپار,21
جوزم,جوزم,21
جیرفت,جیرفت,21
چترود,چترود,21
خاتون آباد,خاتون-آباد,21
خانوک,خانوک,21
خورسند,خورسند,21
درب بهشت,درب-بهشت,21
دهج,دهج,21
رابر,رابر,21
راور,راور,21
راین,راین,21
رفسنجان,رفسنجان,21
رودبار,کرمان-رودبار,21
ریحان شهر,ریحان-شهر,21
زرند,زرند,21
زنگی آباد,زنگی-آباد,21
زیدآباد,زیدآباد,21
سیرجان,سیرجان,21
شهداد,شهداد,21
شهربابک,شهربابک,21
صفائیه,صفائیه,21
عنبرآباد,عنبرآباد,21
فاریاب,فاریاب,21
فهرج,فهرج,21
قلعه گنج,قلعه-گنج,21
کاظم آباد,کاظم-آباد,21
کرمان,کرمان,21
کشکوئیه,کشکوئیه,21
کهنوج,کهنوج,21
کوهبنان,کوهبنان,21
کیانشهر,کیانشهر,21
گلباف,گلباف,21
گلزار,گلزار,21
لاله زار,لاله-زار,21
ماهان,ماهان,21
محمدآباد,کرمان-محمدآباد,21
محی آباد,محی-آباد,21
مردهک,مردهک,21
مس سرچشمه,مس-سرچشمه,21
منوجان,منوجان,21
نجف شهر,نجف-شهر,21
نرماشیر,نرماشیر,21
نظام شهر,نظام-شهر,21
نگار,نگار,21
نودژ,نودژ,21
هجدک,هجدک,21
یزدان شهر,یزدان-شهر,21
ازگله,ازگله,22
اسلام آباد غرب,اسلام-آباد-غرب,22
باینگان,باینگان,22
بیستون,بیستون,22
پاوه,پاوه,22
تازه آباد,تازه-آباد,22
جوان رود,جوان-رود,22
حمیل,حمیل,22
ماهیدشت,ماهیدشت,22
روانسر,روانسر,22
سرپل ذهاب,سرپل-ذهاب,22
سرمست,سرمست,22
سطر,سطر,22
سنقر,سنقر,22
سومار,سومار,22
شاهو,شاهو,22
صحنه,صحنه,22
قصرشیرین,قصرشیرین,22
کرمانشاه,کرمانشاه,22
کرندغرب,کرندغرب,22
کنگاور,کنگاور,22
کوزران,کوزران,22
گهواره,گهواره,22
گیلانغرب,گیلانغرب,22
میان راهان,میان-راهان,22
نودشه,نودشه,22
نوسود,نوسود,22
هرسین,هرسین,22
هلشی,هلشی,22
باشت,باشت,23
پاتاوه,پاتاوه,23
چرام,چرام,23
چیتاب,چیتاب,23
دهدشت,دهدشت,23
دوگنبدان,دوگنبدان,23
دیشموک,دیشموک,23
سوق,سوق,23
سی سخت,سی-سخت,23
قلعه رئیسی,قلعه-رئیسی,23
گراب سفلی,گراب-سفلی,23
لنده,لنده,23
لیکک,لیکک,23
مادوان,مادوان,23
مارگون,مارگون,23
یاسوج,یاسوج,23
انبارآلوم,انبارآلوم,24
اینچه برون,اینچه-برون,24
آزادشهر,آزادشهر,24
آق قلا,آق-قلا,24
بندرترکمن,بندرترکمن,24
بندرگز,بندرگز,24
جلین,جلین,24
خان ببین,خان-ببین,24
دلند,دلند,24
رامیان,رامیان,24
سرخنکلاته,سرخنکلاته,24
سیمین شهر,سیمین-شهر,24
علی آباد کتول,علی-آباد-کتول,24
فاضل آباد,فاضل-آباد,24
کردکوی,کردکوی,24
کلاله,کلاله,24
گالیکش,گالیکش,24
گرگان,گرگان,24
گمیش تپه,گمیش-تپه,24
گنبدکاووس,گنبدکاووس,24
مراوه,مراوه,24
مینودشت,مینودشت,24
نگین شهر,نگین-شهر,24
نوده خاندوز,نوده-خاندوز,24
نوکنده,نوکنده,24
ازنا,ازنا,25
اشترینان,اشترینان,25
الشتر,الشتر,25
الیگودرز,الیگودرز,25
بروجرد,بروجرد,25
پلدختر,پلدختر,25
چالانچولان,چالانچولان,25
چغلوندی,چغلوندی,25
چقابل,چقابل,25
خرم آباد,لرستان-خرم-آباد,25
درب گنبد,درب-گنبد,25
دورود,دورود,25
زاغه,زاغه,25
سپیددشت,سپیددشت,25
سراب دوره,سراب-دوره,25
فیروزآباد,لرستان-فیروزآباد,25
کونانی,کونانی,25
کوهدشت,کوهدشت,25
گراب,گراب,25
معمولان,معمولان,25
مومن آباد,مومن-آباد,25
نورآباد,لرستان-نورآباد,25
ویسیان,ویسیان,25
احمدسرگوراب,احمدسرگوراب,26
اسالم,اسالم,26
اطاقور,اطاقور,26
املش,املش,26
آستارا,آستارا,26
آستانه اشرفیه,آستانه-اشرفیه,26
بازار جمعه,بازار-جمعه,26
بره سر,بره-سر,26
بندرانزلی,بندرانزلی,26
پره سر,پره-سر,26
تالش,تالش,26
توتکابن,توتکابن,26
جیرنده,جیرنده,26
چابکسر,چابکسر,26
چاف و چمخاله,چاف-و-چمخاله,26
چوبر,چوبر,26
حویق,حویق,26
خشکبیجار,خشکبیجار,26
خمام,خمام,26
دیلمان,دیلمان,26
رانکوه,رانکوه,26
رحیم آباد,رحیم-آباد,26
رستم آباد,رستم-آباد,26
رشت,رشت,26
رضوانشهر,گیلان-رضوانشهر,26
رودبار,گیلان-رودبار,26
رودبنه,رودبنه,26
رودسر,رودسر,26
سنگر,سنگر,26
سیاهکل,سیاهکل,26
شفت,شفت,26
شلمان,شلمان,26
صومعه سرا,صومعه-سرا,26
فومن,فومن,26
کلاچای,کلاچای,26
کوچصفهان,کوچصفهان,26
کومله,کومله,26
کیاشهر,کیاشهر,26
گوراب زرمیخ,گوراب-زرمیخ,26
لاهیجان,لاهیجان,26
لشت نشا,لشت-نشا,26
لنگرود,لنگرود,26
لوشان,لوشان,26
لولمان,لولمان,26
لوندویل,لوندویل,26
لیسار,لیسار,26
ماسال,ماسال,26
ماسوله,ماسوله,26
مرجقل,مرجقل,26
منجیل,منجیل,26
واجارگاه,واجارگاه,26
امیرکلا,امیرکلا,27
ایزدشهر,ایزدشهر,27
آلاشت,آلاشت,27
آمل,آمل,27
بابل,بابل,27
بابلسر,بابلسر,27
بلده,مازندران-بلده,27
بهشهر,بهشهر,27
بهنمیر,بهنمیر,27
پل سفید,پل-سفید,27
تنکابن,تنکابن,27
جویبار,جویبار,27
چالوس,چالوس,27
چمستان,چمستان,27
خرم آباد,مازندران-خرم-آباد,27
خلیل شهر,خلیل-شهر,27
خوش رودپی,خوش-رودپی,27
دابودشت,دابودشت,27
رامسر,رامسر,27
رستمکلا,رستمکلا,27
رویان,رویان,27
رینه,رینه,27
زرگرمحله,زرگرمحله,27
زیرآب,زیرآب,27
ساری,ساری,27
سرخرود,سرخرود,27
سلمان شهر,سلمان-شهر,27
سورک,سورک,27
شیرگاه,شیرگاه,27
شیرود,شیرود,27
عباس آباد,عباس-آباد,27
فریدونکنار,فریدونکنار,27
فریم,فریم,27
قائم شهر,قائم-شهر,27
کتالم,کتالم,27
کلارآباد,کلارآباد,27
کلاردشت,کلاردشت,27
کله بست,کله-بست,27
کوهی خیل,کوهی-خیل,27
کیاسر,کیاسر,27
کیاکلا,کیاکلا,27
گتاب,گتاب,27
گزنک,گزنک,27
گلوگاه,گلوگاه,27
محمودآباد,مازندران-محمودآباد,27
مرزن آباد,مرزن-آباد,27
مرزیکلا,مرزیکلا,27
نشتارود,نشتارود,27
نکا,نکا,27
نور,نور,27
نوشهر,نوشهر,27
اراک,اراک,28
آستانه,آستانه,28
آشتیان,آشتیان,28
پرندک,پرندک,28
تفرش,تفرش,28
توره,توره,28
جاورسیان,جاورسیان,28
خشکرود,خشکرود,28
خمین,خمین,28
خنداب,خنداب,28
داودآباد,داودآباد,28
دلیجان,دلیجان,28
رازقان,رازقان,28
زاویه,زاویه,28
ساروق,ساروق,28
ساوه,ساوه,28
سنجان,سنجان,28
شازند,شازند,28
غرق آباد,غرق-آباد,28
فرمهین,فرمهین,28
قورچی باشی,قورچی-باشی,28
کرهرود,کرهرود,28
کمیجان,کمیجان,28
مامونیه,مامونیه,28
محلات,محلات,28
مهاجران,مهاجران,28
میلاجرد,میلاجرد,28
نراق,نراق,28
نوبران,نوبران,28
نیمور,نیمور,28
هندودر,هندودر,28
ابوموسی,ابوموسی,29
بستک,بستک,29
بندرجاسک,بندرجاسک,29
بندرچارک,بندرچارک,29
بندرخمیر,بندرخمیر,29
بندرعباس,بندرعباس,29
بندرلنگه,بندرلنگه,29
بیکا,بیکا,29
پارسیان,پارسیان,29
تخت,تخت,29
جناح,جناح,29
حاجی آباد,هرمزگان-حاجی-آباد,29
درگهان,درگهان,29
دهبارز,دهبارز,29
رویدر,رویدر,29
زیارتعلی,زیارتعلی,29
سردشت,هرمزگان-سردشت,29
سندرک,سندرک,29
سوزا,سوزا,29
سیریک,سیریک,29
فارغان,فارغان,29
فین,فین,29
قشم,قشم,29
قلعه قاضی,قلعه-قاضی,29
کنگ,کنگ,29
کوشکنار,کوشکنار,29
کیش,کیش,29
گوهران,گوهران,29
میناب,میناب,29
هرمز,هرمز,29
هشتبندی,هشتبندی,29
ازندریان,ازندریان,30
اسدآباد,اسدآباد,30
برزول,برزول,30
بهار,بهار,30
تویسرکان,تویسرکان,30
جورقان,جورقان,30
جوکار,جوکار,30
دمق,دمق,30
رزن,رزن,30
زنگنه,زنگنه,30
سامن,سامن,30
سرکان,سرکان,30
شیرین سو,شیرین-سو,30
صالح آباد,همدان-صالح-آباد,30
فامنین,فامنین,30
فرسفج,فرسفج,30
فیروزان,فیروزان,30
قروه درجزین,قروه-درجزین,30
قهاوند,قهاوند,30
کبودر آهنگ,کبودر-آهنگ,30
گل تپه,گل-تپه,30
گیان,گیان,30
لالجین,لالجین,30
مریانج,مریانج,30
ملایر,ملایر,30
نهاوند,نهاوند,30
همدان,همدان,30
ابرکوه,ابرکوه,31
احمدآباد,احمدآباد,31
اردکان,یزد-اردکان,31
اشکذر,اشکذر,31
بافق,بافق,31
بفروئیه,بفروئیه,31
بهاباد,بهاباد,31
تفت,تفت,31
حمیدیا,حمیدیا,31
خضرآباد,خضرآباد,31
دیهوک,دیهوک,31
زارچ,زارچ,31
شاهدیه,شاهدیه,31
طبس,یزد-طبس,31
عقدا,عقدا,31
مروست,مروست,31
مهردشت,مهردشت,31
مهریز,مهریز,31
میبد,میبد,31
ندوشن,ندوشن,31
نیر,یزد-نیر,31
هرات,هرات,31
یزد,یزد,31
پرند,پرند,8
فردیس,فردیس,5
مارلیک,مارلیک,5
سادات شهر,سادات-شهر,27
زیباکنار,زیباکنار,26
کردان,کردان,5
ساوجبلاغ,ساوجبلاغ,5
تهران دشت,تهران-دشت,5
گلبهار,گلبهار,11
قیامدشت,قیامدشت,8
بینالود,بینالود,11
پیربازار,پیربازار,26
رضوانشهر,رضوانشهر,31
